,RR,CI_lower,CI_upper
whole population,85.26124835607337,79.54506211826748,91.38820534740125
people with underlying diseases,6.937683720380641,6.4721051369051485,7.436754253199635
