,RR,CI_lower,CI_upper
whole population,1.7881353127932493,1.4700977916479039,2.174976328121723
people with underlying diseases,1.7571605531672088,1.4453885916926534,2.1361820809662504
