,RR,CI_lower,CI_upper
Whole population,1.1189297496167656,0.9114339891050013,1.3736636986808721
People with underlying diseases,0.4035320774917164,0.30494206754963443,0.5339969616959325
