,stat_1a,p_1a,dof_1a,expected_1a
0,239.19343903411786,5.896211108128523e-54,1,"[[1.85972271e+02 1.46271028e+05]
 [6.38027729e+02 5.01821972e+05]]"
