,stat_1a,p_1a,dof_1a,expected_1a
0,30.584493968681027,3.196381378083983e-08,1,"[[4.53751863e+01 3.70624814e+02]
 [2.11026248e+04 1.72366375e+05]]"
