,stat_1a,p_1a,dof_1a,expected_1a
0,68197.20612743002,0.0,1,"[[  4807.74430936 141649.25569064]
 [ 16494.25569064 485965.74430936]]"
