,stat_1b,p_1b,dof_1b,expected_1b
0,2959.2602761792414,0.0,1,"[[   633.7072589 145538.2927411]
 [   173.2927411  39798.7072589]]"
