,stat_1b,p_1b,dof_1b,expected_1b
0,28.84799918387628,7.828673044095961e-08,1,"[[4.61734174e+01 3.60826583e+02]
 [2.10698266e+04 1.64652173e+05]]"
