,stat_1b,p_1b,dof_1b,expected_1b
0,4453.611286590135,0.0,1,"[[ 16710.27436486 129456.72563514]
 [  4569.72563514  35402.27436486]]"
