,stat_2a,p_2a,dof_2a,expected_2a
0,1.041256068343524,0.30752952350207685,1,"[[1.11041696e+02 1.46345958e+05]
 [3.80958304e+02 5.02079042e+05]]"
