,stat_2a,p_2a,dof_2a,expected_2a
0,0.27389780100753375,0.6007289981431438,1,"[[1.02988885e+00 4.14970111e+02]
 [4.78970111e+02 1.92990030e+05]]"
