,stat_2a,p_2a,dof_2a,expected_2a
0,106.91255015447032,4.652529719067235e-25,1,"[[8.37326607e+01 1.46373267e+05]
 [2.87267339e+02 5.02172733e+05]]"
