,stat_2b,p_2b,dof_2b,expected_2b
0,23.37569685,1.33E-06,1,[[5.03824228e+01 3.99216176e+04]
