,RR,CI_lower,CI_upper
Whole population,72.69444444444444,10.243460217972496,515.8883951942936
People with underlying diseases,411.6666666666667,32.801674806165416,5166.487548147724
