,RR,CI_lower,CI_upper
whole population,1659.273388773389,233.86034066029953,11772.78785670953
people with underlying diseases,278.0,39.297050665788994,1966.6615863180143
