,RR,CI_lower,CI_upper
whole population,177.30465949820788,90.7719293553097,346.3288981852685
people with underlying diseases,4.7942129629629635,2.479385816546558,9.270230466291979
