,RR,CI_lower,CI_upper
Whole population,72.69444444444444,10.243460217972496,515.8883951942936
People with underlying diseases,629.6666666666666,50.161276600335704,7904.1072712343575
