,RR,CI_lower,CI_upper
Whole population,0.1920453231587467,0.024367194284918528,1.5135680257605313
People with underlying diseases,0.2895833333333333,0.018170527417397216,4.61508381227035
