,RR,CI_lower,CI_upper
whole population,1.1899641577060933,0.1509147496260669,9.38287808271717
people with underlying diseases,0.03217592592592593,0.004093966742568168,0.25288192950517924
