,RR,CI_lower,CI_upper
Whole population,0.19184569184569186,0.02434184006352346,1.5119961918944889
People with underlying diseases,0.2895833333333333,0.018170527417397216,4.61508381227035
