,RR,CI_lower,CI_upper
whole population,0.1920453231587467,0.024367194284918528,1.5135680257605313
people with underlying diseases,0.03217592592592593,0.004093966742568168,0.25288192950517924
