,RR,CI_lower,CI_upper
whole population,3.207107843137255,0.5318864132910368,19.33785195577926
people with underlying diseases,3.0269607843137254,0.606161666031297,15.115590614237373
