,RR,CI_lower,CI_upper
Whole population,1.1899641577060933,0.1509147496260669,9.38287808271717
People with underlying diseases,0.2895833333333333,0.018170527417397216,4.61508381227035
