,RR,CI_lower,CI_upper
whole population,3.207107843137255,0.5318864132910368,19.33785195577926
people with underlying diseases,4.629901960784313,0.9268470388557846,23.12786389536043
