,stat_1a,p_1a,dof_1a,expected_1a
0,0.1175241228228774,0.7317354475835469,1,"[[3.13381624e-01 5.68661838e+00]
 [1.36686618e+02 2.48031338e+03]]"
