,stat_1a,p_1a,dof_1a,expected_1a
0,0.0,1.0,1,"[[8.53994490e-01 9.60146006e+02]
 [9.14600551e+00 1.02828540e+04]]"
