,stat_1a,p_1a,dof_1a,expected_1a
0,2610.098562121287,0.0,1,"[[ 352.81890965  609.18109035]
 [ 609.18109035 1051.81890965]]"
