,stat_1a,p_1a,dof_1a,expected_1a
0,0.0,1.0,1,"[[3.11094167e-01 5.68890583e+00]
 [1.35688906e+02 2.48131109e+03]]"
