,stat_1a,p_1a,dof_1a,expected_1a
0,1497.9911409840647,0.0,1,"[[   13.49311295   947.50688705]
 [  144.50688705 10147.49311295]]"
