,stat_1a,p_1a,dof_1a,expected_1a
0,2.026769140323101,0.15454884999097485,1,"[[   3.66514111  957.33485889]
 [   6.33485889 1654.66514111]]"
