,stat_1b,p_1b,dof_1b,expected_1b
0,0.0,1.0,1,"[[3.29563813e-01 2.67043619e+00]
 [1.35670436e+02 1.09932956e+03]]"
