,stat_1b,p_1b,dof_1b,expected_1b
0,1226.5329872945504,1.044703269020942e-268,1,"[[745.20193861 214.79806139]
 [215.79806139  62.20193861]]"
