,stat_1b,p_1b,dof_1b,expected_1b
0,22.647734620324915,1.9458951236880805e-06,1,"[[  7.75444265 952.24555735]
 [  2.24555735 275.75444265]]"
