,stat_1b,p_1b,dof_1b,expected_1b
0,0.39744569344159236,0.5284113641317825,1,"[[2.17230444e-01 2.78276956e+00]
 [1.36782770e+02 1.75221723e+03]]"
