,stat_1b,p_1b,dof_1b,expected_1b
0,0.09584097345002021,0.7568788968738849,1,"[[3.31987076e-01 2.66801292e+00]
 [1.36668013e+02 1.09833199e+03]]"
