,stat_1b,p_1b,dof_1b,expected_1b
0,28.121395912937377,1.1393923819020334e-07,1,"[[122.52019386 837.47980614]
 [ 35.47980614 242.52019386]]"
