,stat_2a,p_2a,dof_2a,expected_2a
0,0.0,1.0,1,"[[1.37247427e-02 5.98627526e+00]
 [5.98627526e+00 2.61101372e+03]]"
