,stat_2a,p_2a,dof_2a,expected_2a
0,14.701882528752394,0.000125920641530496,1,"[[1.60121998e-02 5.98398780e+00]
 [6.98398780e+00 2.61001601e+03]]"
