,stat_2a,p_2a,dof_2a,expected_2a
0,2.026769140323101,0.15454884999097485,1,"[[   3.66514111  957.33485889]
 [   6.33485889 1654.66514111]]"
