,stat_2a,p_2a,dof_2a,expected_2a
0,2.0307268176058146,0.1541468745133548,1,"[[   3.66755623  958.33244377]
 [   6.33244377 1654.66755623]]"
