,stat_2b,p_2b,dof_2b,expected_2b
0,23.375696852099498,1.3325145138920152e-06,1,"[[5.03824228e+01 3.99216176e+04]
 [2.34617577e+02 1.85904382e+05]]"
